ticker,period_end,available_date,net_income,total_revenue,total_equity,total_debt,shares_outstanding,ttm_net_income,roe,net_margin,debt_to_equity,earnings_growth_yoy
UAA,2021-12-31,2022-03-01,,,,,188839506,,,,,
UAA,2023-03-31,2023-05-30,374459000.0,5903165000.0,1966147000.0,1521181000.0,188839506,374459000.0,0.1904532061946538,0.06343359875592161,0.7736863011768703,
UAA,2024-03-31,2024-05-30,232042000.0,5701879000.0,2153286000.0,1442788000.0,188839506,232042000.0,0.10776181148254342,0.04069570750273725,0.6700401154328779,-0.38032735226019404
UAA,2024-12-31,2025-03-01,,,,,188839506,,,,,
UAA,2025-03-31,2025-05-30,,,,,188839506,,,,,
UAA,2025-06-30,2025-08-29,-2612000.0,1134068000.0,1874429000.0,1675724000.0,188839506,,,-0.0023032128584882035,0.8939917169442001,
UAA,2025-09-30,2025-11-29,-18814000.0,1333380000.0,1855678000.0,1899782000.0,188839506,,,-0.014110006149784757,1.023767054413535,
UAA,2025-12-31,2026-03-01,-430827000.0,1327761000.0,1435059000.0,1688520000.0,188839506,,,-0.324476317650541,1.1766206128110412,
UAA,2026-03-31,2026-05-30,-43390000.0,1171161000.0,1414360000.0,1939633000.0,188839506,-495643000.0,-0.3504362397126616,-0.03704870636914993,1.3713856443903956,
UAA,2026-06-30,2026-08-29,545000.0,1097927000.0,1428116000.0,1376077000.0,188839506,-492486000.0,-0.34485013822406585,0.0004963900150009973,0.9635610832733476,1.2086523736600305
