Date,Open,High,Low,Close,Adj Close,Volume,Dividends,Stock Splits
2026-02-12 00:00:00-05:00,17.770000457763672,18.239999771118164,17.0,17.549999237060547,16.86313247680664,2587900,0.0,0.0
2026-02-13 00:00:00-05:00,17.690000534057617,18.25,17.549999237060547,18.0,17.295520782470703,738600,0.0,0.0
2026-02-17 00:00:00-05:00,17.989999771118164,18.5,17.850000381469727,17.899999618530273,17.199434280395508,226400,0.0,0.0
2026-02-18 00:00:00-05:00,18.0,18.25,17.81999969482422,18.020000457763672,17.314739227294922,288600,0.0,0.0
2026-02-19 00:00:00-05:00,17.8799991607666,19.5,17.8799991607666,19.229999542236328,18.47738265991211,355800,0.0,0.0
2026-02-20 00:00:00-05:00,19.200000762939453,19.360000610351562,18.90999984741211,19.209999084472656,18.45816421508789,234200,0.0,0.0
2026-02-23 00:00:00-05:00,19.25,19.25,18.34000015258789,19.149999618530273,18.4005126953125,257900,0.0,0.0
2026-02-24 00:00:00-05:00,19.0,19.06999969482422,18.829999923706055,18.969999313354492,18.227556228637695,67300,0.0,0.0
2026-02-25 00:00:00-05:00,19.010000228881836,19.020000457763672,18.5,18.68000030517578,17.94890785217285,123700,0.0,0.0
2026-02-26 00:00:00-05:00,18.8700008392334,19.0,18.510000228881836,18.860000610351562,18.121864318847656,117700,0.0,0.0
2026-02-27 00:00:00-05:00,18.75,19.200000762939453,18.549999237060547,19.010000228881836,18.2659912109375,162900,0.0,0.0
2026-03-02 00:00:00-05:00,18.850000381469727,19.450000762939453,18.790000915527344,19.010000228881836,18.2659912109375,164800,0.0,0.0
2026-03-03 00:00:00-05:00,19.18000030517578,19.40999984741211,18.8799991607666,19.209999084472656,18.45816421508789,233700,0.0,0.0
2026-03-04 00:00:00-05:00,19.5,19.799999237060547,18.920000076293945,19.229999542236328,18.47738265991211,149000,0.0,0.0
2026-03-05 00:00:00-05:00,19.200000762939453,19.360000610351562,18.899999618530273,19.059999465942383,18.31403350830078,131200,0.0,0.0
2026-03-06 00:00:00-05:00,18.979999542236328,19.280000686645508,18.43000030517578,18.719999313354492,17.987340927124023,337300,0.0,0.0
2026-03-09 00:00:00-04:00,18.729999542236328,19.299999237060547,18.729999542236328,19.09000015258789,18.34286117553711,329100,0.0,0.0
2026-03-10 00:00:00-04:00,19.0,19.450000762939453,18.84000015258789,19.399999618530273,18.640727996826172,180200,0.0,0.0
2026-03-11 00:00:00-04:00,19.549999237060547,19.639999389648438,18.549999237060547,18.6200008392334,17.89125633239746,217800,0.0,0.0
2026-03-12 00:00:00-04:00,18.299999237060547,18.950000762939453,18.200000762939453,18.65999984741211,17.929689407348633,108700,0.0,0.0
2026-03-13 00:00:00-04:00,18.850000381469727,18.850000381469727,17.56999969482422,18.010000228881836,17.305130004882812,114900,0.0,0.0
2026-03-16 00:00:00-04:00,18.15999984741211,18.889999389648438,18.059999465942383,18.649999618530273,17.920082092285156,97700,0.0,0.0
2026-03-17 00:00:00-04:00,18.8799991607666,18.969999313354492,18.219999313354492,18.850000381469727,18.112253189086914,67600,0.0,0.0
2026-03-18 00:00:00-04:00,18.899999618530273,18.979999542236328,18.399999618530273,18.420000076293945,17.69908332824707,113000,0.0,0.0
2026-03-19 00:00:00-04:00,18.459999084472656,18.760000228881836,18.280000686645508,18.34000015258789,17.62221336364746,186000,0.0,0.0
2026-03-20 00:00:00-04:00,18.350000381469727,18.68000030517578,18.209999084472656,18.290000915527344,17.57417106628418,971800,0.0,0.0
2026-03-23 00:00:00-04:00,18.549999237060547,18.68000030517578,17.940000534057617,18.1200008392334,17.410825729370117,101700,0.0,0.0
2026-03-24 00:00:00-04:00,18.059999465942383,18.170000076293945,17.920000076293945,18.0,17.295520782470703,53500,0.0,0.0
2026-03-25 00:00:00-04:00,17.959999084472656,18.670000076293945,17.899999618530273,18.049999237060547,17.343563079833984,289100,0.0,0.0
2026-03-26 00:00:00-04:00,17.829999923706055,18.219999313354492,17.690000534057617,17.940000534057617,17.237869262695312,228100,0.0,0.0
2026-03-27 00:00:00-04:00,17.760000228881836,18.18000030517578,17.399999618530273,17.639999389648438,16.949609756469727,195300,0.0,0.0
2026-03-30 00:00:00-04:00,17.559999465942383,17.75,17.079999923706055,17.34000015258789,16.66135025024414,163000,0.0,0.0
2026-03-31 00:00:00-04:00,17.399999618530273,18.149999618530273,17.3799991607666,17.889999389648438,17.1898250579834,168700,0.0,0.0
2026-04-01 00:00:00-04:00,17.889999389648438,18.229999542236328,17.56999969482422,18.15999984741211,17.44925880432129,231800,0.0,0.0
2026-04-02 00:00:00-04:00,17.950000762939453,18.329999923706055,17.549999237060547,18.1200008392334,17.410825729370117,169800,0.0,0.0
2026-04-06 00:00:00-04:00,18.280000686645508,18.489999771118164,18.1299991607666,18.489999771118164,17.76634407043457,65800,0.0,0.0
2026-04-07 00:00:00-04:00,18.309999465942383,18.780000686645508,18.299999237060547,18.299999237060547,17.58378028869629,103400,0.0,0.0
2026-04-08 00:00:00-04:00,18.610000610351562,19.049999237060547,18.3799991607666,18.40999984741211,17.68947410583496,173000,0.0,0.0
2026-04-09 00:00:00-04:00,18.440000534057617,18.959999084472656,18.329999923706055,18.770000457763672,18.035385131835938,68200,0.0,0.0
2026-04-10 00:00:00-04:00,18.489999771118164,18.959999084472656,18.219999313354492,18.770000457763672,18.288719177246094,102700,0.26,0.0
2026-04-13 00:00:00-04:00,18.65999984741211,18.8799991607666,18.450000762939453,18.530000686645508,18.054872512817383,146900,0.0,0.0
2026-04-14 00:00:00-04:00,18.489999771118164,18.75,18.489999771118164,18.719999313354492,18.239999771118164,122800,0.0,0.0
2026-04-15 00:00:00-04:00,18.719999313354492,18.729999542236328,18.479999542236328,18.639999389648438,18.162050247192383,122300,0.0,0.0
2026-04-16 00:00:00-04:00,18.700000762939453,18.8700008392334,18.360000610351562,18.540000915527344,18.064617156982422,115200,0.0,0.0
2026-04-17 00:00:00-04:00,18.889999389648438,18.889999389648438,18.010000228881836,18.139999389648438,17.67487144470215,84900,0.0,0.0
2026-04-20 00:00:00-04:00,18.139999389648438,18.5,18.020000457763672,18.399999618530273,17.928205490112305,87500,0.0,0.0
2026-04-21 00:00:00-04:00,18.450000762939453,18.600000381469727,17.670000076293945,17.950000762939453,17.489744186401367,89200,0.0,0.0
2026-04-22 00:00:00-04:00,18.190000534057617,18.190000534057617,17.65999984741211,17.899999618530273,17.441024780273438,115900,0.0,0.0
2026-04-23 00:00:00-04:00,18.020000457763672,18.280000686645508,17.649999618530273,17.84000015258789,17.382564544677734,55900,0.0,0.0
2026-04-24 00:00:00-04:00,17.790000915527344,18.110000610351562,17.65999984741211,17.989999771118164,17.528717041015625,69400,0.0,0.0
2026-04-27 00:00:00-04:00,17.969999313354492,18.280000686645508,17.969999313354492,18.110000610351562,17.645641326904297,40500,0.0,0.0
2026-04-28 00:00:00-04:00,18.15999984741211,18.399999618530273,18.040000915527344,18.190000534057617,17.723590850830078,48100,0.0,0.0
2026-04-29 00:00:00-04:00,18.34000015258789,18.43000030517578,18.079999923706055,18.190000534057617,17.723590850830078,118300,0.0,0.0
2026-04-30 00:00:00-04:00,18.270000457763672,18.8799991607666,18.25,18.690000534057617,18.210769653320312,208800,0.0,0.0
2026-05-01 00:00:00-04:00,18.549999237060547,19.0,18.389999389648438,18.850000381469727,18.366666793823242,215400,0.0,0.0
2026-05-04 00:00:00-04:00,18.940000534057617,19.049999237060547,18.600000381469727,18.8799991607666,18.395896911621094,151200,0.0,0.0
2026-05-05 00:00:00-04:00,18.90999984741211,19.18000030517578,18.829999923706055,19.049999237060547,18.561538696289062,243400,0.0,0.0
2026-05-06 00:00:00-04:00,19.049999237060547,19.139999389648438,18.649999618530273,18.93000030517578,18.444616317749023,124200,0.0,0.0
2026-05-07 00:00:00-04:00,19.18000030517578,19.200000762939453,18.790000915527344,19.049999237060547,18.561538696289062,69000,0.0,0.0
2026-05-08 00:00:00-04:00,19.18000030517578,19.469999313354492,18.899999618530273,19.34000015258789,18.84410285949707,274600,0.0,0.0
2026-05-11 00:00:00-04:00,19.510000228881836,20.299999237060547,19.219999313354492,20.09000015258789,19.574871063232422,287500,0.0,0.0
2026-05-12 00:00:00-04:00,20.010000228881836,21.719999313354492,19.799999237060547,21.549999237060547,20.997434616088867,444800,0.0,0.0
2026-05-13 00:00:00-04:00,21.65999984741211,21.65999984741211,20.670000076293945,20.959999084472656,20.422563552856445,153300,0.0,0.0
2026-05-14 00:00:00-04:00,21.059999465942383,21.5,20.899999618530273,20.90999984741211,20.37384605407715,83500,0.0,0.0
2026-05-15 00:00:00-04:00,20.760000228881836,20.8799991607666,20.260000228881836,20.56999969482422,20.042564392089844,136500,0.0,0.0
2026-05-18 00:00:00-04:00,20.690000534057617,21.18000030517578,20.56999969482422,20.8799991607666,20.344614028930664,107200,0.0,0.0
2026-05-19 00:00:00-04:00,20.860000610351562,21.360000610351562,20.700000762939453,20.940000534057617,20.403078079223633,109200,0.0,0.0
2026-05-20 00:00:00-04:00,21.079999923706055,21.43000030517578,20.799999237060547,21.260000228881836,20.714872360229492,125900,0.0,0.0
2026-05-21 00:00:00-04:00,21.049999237060547,21.290000915527344,20.850000381469727,20.850000381469727,20.315385818481445,101900,0.0,0.0
2026-05-22 00:00:00-04:00,20.989999771118164,21.1299991607666,20.579999923706055,20.719999313354492,20.188716888427734,63100,0.0,0.0
2026-05-26 00:00:00-04:00,20.65999984741211,20.860000610351562,20.0,20.030000686645508,19.51641082763672,127400,0.0,0.0
2026-05-27 00:00:00-04:00,19.899999618530273,20.290000915527344,19.420000076293945,19.6299991607666,19.126665115356445,153700,0.0,0.0
2026-05-28 00:00:00-04:00,19.6299991607666,19.84000015258789,18.799999237060547,19.1200008392334,18.629743576049805,356900,0.0,0.0
2026-05-29 00:00:00-04:00,19.18000030517578,19.399999618530273,18.90999984741211,19.020000457763672,18.53230857849121,81400,0.0,0.0
2026-06-01 00:00:00-04:00,18.969999313354492,19.239999771118164,18.8799991607666,19.030000686645508,18.542051315307617,88700,0.0,0.0
2026-06-02 00:00:00-04:00,19.06999969482422,20.739999771118164,19.040000915527344,19.290000915527344,18.795385360717773,67400,0.0,0.0
2026-06-03 00:00:00-04:00,19.700000762939453,19.780000686645508,19.309999465942383,19.469999313354492,18.970767974853516,141300,0.0,0.0
2026-06-04 00:00:00-04:00,19.530000686645508,20.489999771118164,19.530000686645508,19.93000030517578,19.418973922729492,98600,0.0,0.0
2026-06-05 00:00:00-04:00,20.200000762939453,20.239999771118164,19.549999237060547,19.700000762939453,19.19487190246582,65100,0.0,0.0
2026-06-08 00:00:00-04:00,19.780000686645508,20.350000381469727,19.649999618530273,19.690000534057617,19.185129165649414,77600,0.0,0.0
2026-06-09 00:00:00-04:00,19.770000457763672,20.40999984741211,19.3799991607666,19.600000381469727,19.097436904907227,136100,0.0,0.0
2026-06-10 00:00:00-04:00,19.739999771118164,20.139999389648438,19.510000228881836,20.040000915527344,19.526155471801758,125700,0.0,0.0
2026-06-11 00:00:00-04:00,20.049999237060547,20.389999389648438,20.020000457763672,20.280000686645508,19.760000228881836,93100,0.0,0.0
2026-06-12 00:00:00-04:00,20.40999984741211,20.709999084472656,20.139999389648438,20.520000457763672,19.993846893310547,182400,0.0,0.0
2026-06-15 00:00:00-04:00,20.6200008392334,21.0,19.389999389648438,19.43000030517578,18.931795120239258,136500,0.0,0.0
2026-06-16 00:00:00-04:00,19.479999542236328,20.260000228881836,19.239999771118164,19.540000915527344,19.03897476196289,219700,0.0,0.0
2026-06-17 00:00:00-04:00,19.790000915527344,20.3799991607666,18.34000015258789,18.559999465942383,18.084102630615234,248600,0.0,0.0
2026-06-18 00:00:00-04:00,18.56999969482422,20.34000015258789,18.190000534057617,18.389999389648438,17.918460845947266,298300,0.0,0.0
2026-06-22 00:00:00-04:00,18.389999389648438,18.709999084472656,17.920000076293945,18.479999542236328,18.006153106689453,360300,0.0,0.0
2026-06-23 00:00:00-04:00,18.479999542236328,19.110000610351562,18.239999771118164,18.90999984741211,18.425128936767578,307600,0.0,0.0
2026-06-24 00:00:00-04:00,18.799999237060547,19.020000457763672,18.139999389648438,18.31999969482422,17.850255966186523,119300,0.0,0.0
2026-06-25 00:00:00-04:00,18.290000915527344,18.989999771118164,18.0,18.040000915527344,17.577436447143555,135300,0.0,0.0
2026-06-26 00:00:00-04:00,17.889999389648438,18.93000030517578,17.889999389648438,18.59000015258789,18.113332748413086,1661400,0.0,0.0
2026-06-29 00:00:00-04:00,18.43000030517578,19.0,18.25,18.90999984741211,18.425128936767578,150500,0.0,0.0
2026-06-30 00:00:00-04:00,18.90999984741211,19.079999923706055,18.65999984741211,18.850000381469727,18.366666793823242,100300,0.0,0.0
2026-07-01 00:00:00-04:00,18.850000381469727,18.950000762939453,18.149999618530273,18.209999084472656,17.74307632446289,93400,0.0,0.0
2026-07-02 00:00:00-04:00,18.3700008392334,18.700000762939453,18.280000686645508,18.59000015258789,18.113332748413086,87200,0.0,0.0
2026-07-06 00:00:00-04:00,18.600000381469727,19.139999389648438,18.309999465942383,18.809999465942383,18.32769203186035,105700,0.0,0.0
2026-07-07 00:00:00-04:00,18.829999923706055,19.3799991607666,18.5,19.34000015258789,18.84410285949707,93300,0.0,0.0
2026-07-08 00:00:00-04:00,19.229999542236328,19.639999389648438,18.989999771118164,19.219999313354492,18.7271785736084,103200,0.0,0.0
2026-07-09 00:00:00-04:00,19.219999313354492,19.34000015258789,19.010000228881836,19.25,18.756410598754883,80900,0.0,0.0
2026-07-10 00:00:00-04:00,19.18000030517578,19.75,18.950000762939453,19.110000610351562,18.6200008392334,93500,0.0,0.0
2026-07-13 00:00:00-04:00,19.110000610351562,20.190000534057617,19.0,20.170000076293945,19.652820587158203,103700,0.0,0.0
2026-07-14 00:00:00-04:00,20.280000686645508,20.280000686645508,19.780000686645508,19.8799991607666,19.370256423950195,140400,0.0,0.0
2026-07-15 00:00:00-04:00,19.989999771118164,20.290000915527344,19.639999389648438,19.670000076293945,19.16564178466797,40000,0.0,0.0
2026-07-16 00:00:00-04:00,19.84000015258789,20.809999465942383,19.729999542236328,20.75,20.21794891357422,78800,0.0,0.0
2026-07-17 00:00:00-04:00,20.790000915527344,21.079999923706055,20.450000762939453,20.780000686645508,20.247180938720703,52100,0.0,0.0
2026-07-20 00:00:00-04:00,20.809999465942383,21.219999313354492,20.610000610351562,20.75,20.21794891357422,65900,0.0,0.0
2026-07-21 00:00:00-04:00,20.700000762939453,21.239999771118164,20.65999984741211,21.209999084472656,20.666152954101562,62200,0.0,0.0
2026-07-22 00:00:00-04:00,21.31999969482422,21.530000686645508,20.549999237060547,20.709999084472656,20.178974151611328,162700,0.0,0.0
2026-07-23 00:00:00-04:00,20.420000076293945,20.889999389648438,20.15999984741211,20.760000228881836,20.227691650390625,75800,0.0,0.0
2026-07-24 00:00:00-04:00,21.709999084472656,21.709999084472656,20.549999237060547,20.829999923706055,20.295896530151367,90400,0.0,0.0
2026-07-27 00:00:00-04:00,20.84000015258789,21.149999618530273,20.790000915527344,21.030000686645508,20.49077033996582,76000,0.0,0.0
2026-07-28 00:00:00-04:00,21.149999618530273,21.209999084472656,19.709999084472656,20.200000762939453,19.682052612304688,169100,0.0,0.0
2026-07-29 00:00:00-04:00,20.309999465942383,20.489999771118164,19.799999237060547,20.0,19.487178802490234,130500,0.0,0.0
2026-07-30 00:00:00-04:00,20.040000915527344,20.600000381469727,19.979999542236328,20.18000030517578,19.662565231323242,99100,0.0,0.0
2026-07-31 00:00:00-04:00,20.239999771118164,20.40999984741211,19.90999984741211,20.299999237060547,19.77948570251465,90300,0.0,0.0
2026-08-03 00:00:00-04:00,20.329999923706055,20.489999771118164,19.920000076293945,20.079999923706055,19.565128326416016,76800,0.0,0.0
2026-08-04 00:00:00-04:00,19.959999084472656,20.719999313354492,19.489999771118164,20.639999389648438,20.110769271850586,117700,0.0,0.0
2026-08-05 00:00:00-04:00,20.65999984741211,20.65999984741211,19.760000228881836,19.84000015258789,19.331281661987305,115600,0.0,0.0
2026-08-06 00:00:00-04:00,19.850000381469727,19.940000534057617,19.34000015258789,19.809999465942383,19.302051544189453,97800,0.0,0.0
2026-08-07 00:00:00-04:00,19.799999237060547,19.8700008392334,18.5,19.440000534057617,18.941539764404297,184400,0.0,0.0
2026-08-10 00:00:00-04:00,19.360000610351562,19.549999237060547,18.540000915527344,18.6200008392334,18.14256477355957,250700,0.0,0.0
2026-08-11 00:00:00-04:00,18.520000457763672,18.81999969482422,18.100000381469727,18.34000015258789,17.86974334716797,211400,0.0,0.0
2026-08-12 00:00:00-04:00,18.079999923706055,18.989999771118164,18.049999237060547,18.790000915527344,18.30820655822754,358000,0.0,0.0
2026-08-13 00:00:00-04:00,18.979999542236328,19.360000610351562,18.559999465942383,19.06999969482422,18.581026077270508,125700,0.0,0.0
2026-08-14 00:00:00-04:00,19.09000015258789,19.40999984741211,18.920000076293945,19.25,18.756410598754883,218000,0.0,0.0
2026-08-17 00:00:00-04:00,19.219999313354492,19.610000610351562,19.010000228881836,19.5,19.0,174400,0.0,0.0
2026-08-18 00:00:00-04:00,19.010000228881836,19.100000381469727,18.3799991607666,18.549999237060547,18.549999237060547,333500,0.5,0.0
2026-08-19 00:00:00-04:00,18.649999618530273,18.729999542236328,18.25,18.709999084472656,18.709999084472656,231700,0.0,0.0
2026-08-20 00:00:00-04:00,18.670000076293945,18.899999618530273,18.440000534057617,18.760000228881836,18.760000228881836,128600,0.0,0.0
2026-08-21 00:00:00-04:00,18.760000228881836,18.8700008392334,18.3799991607666,18.399999618530273,18.399999618530273,139200,0.0,0.0
2026-08-24 00:00:00-04:00,18.530000686645508,18.799999237060547,18.399999618530273,18.770000457763672,18.770000457763672,133100,0.0,0.0
2026-08-25 00:00:00-04:00,18.360000610351562,18.8700008392334,18.360000610351562,18.84000015258789,18.84000015258789,115100,0.0,0.0
2026-08-26 00:00:00-04:00,18.84000015258789,18.979999542236328,18.6200008392334,18.739999771118164,18.739999771118164,142000,0.0,0.0
2026-08-27 00:00:00-04:00,18.670000076293945,18.729999542236328,18.299999237060547,18.5,18.5,119000,0.0,0.0
2026-08-28 00:00:00-04:00,18.530000686645508,18.690000534057617,18.399999618530273,18.5,18.5,119800,0.0,0.0
2026-08-31 00:00:00-04:00,18.489999771118164,18.540000915527344,18.100000381469727,18.149999618530273,18.149999618530273,123800,0.0,0.0
2026-09-01 00:00:00-04:00,18.1200008392334,18.239999771118164,17.899999618530273,17.989999771118164,17.989999771118164,189500,0.0,0.0
2026-09-02 00:00:00-04:00,18.059999465942383,18.760000228881836,18.059999465942383,18.3700008392334,18.3700008392334,140200,0.0,0.0
2026-09-03 00:00:00-04:00,18.489999771118164,18.610000610351562,18.200000762939453,18.5,18.5,322200,0.0,0.0
2026-09-04 00:00:00-04:00,18.450000762939453,19.030000686645508,18.450000762939453,18.989999771118164,18.989999771118164,147300,0.0,0.0
2026-09-08 00:00:00-04:00,18.989999771118164,19.1200008392334,18.56999969482422,18.75,18.75,94100,0.0,0.0
2026-09-09 00:00:00-04:00,18.760000228881836,19.09000015258789,18.6200008392334,19.09000015258789,19.09000015258789,126600,0.0,0.0
2026-09-10 00:00:00-04:00,19.09000015258789,19.15999984741211,18.540000915527344,18.739999771118164,18.739999771118164,133200,0.0,0.0
2026-09-11 00:00:00-04:00,18.93000030517578,19.260000228881836,18.770000457763672,18.920000076293945,18.920000076293945,122500,0.0,0.0
2026-09-14 00:00:00-04:00,18.950000762939453,19.329999923706055,18.649999618530273,18.670000076293945,18.670000076293945,65900,0.0,0.0
2026-09-15 00:00:00-04:00,18.600000381469727,19.15999984741211,18.600000381469727,18.979999542236328,18.979999542236328,142800,0.0,0.0
2026-09-16 00:00:00-04:00,18.920000076293945,18.969999313354492,18.479999542236328,18.600000381469727,18.600000381469727,89400,0.0,0.0
2026-09-17 00:00:00-04:00,18.739999771118164,18.84000015258789,18.5,18.59000015258789,18.59000015258789,74300,0.0,0.0
2026-09-18 00:00:00-04:00,18.59000015258789,18.920000076293945,18.40999984741211,18.81999969482422,18.81999969482422,298700,0.0,0.0
2026-09-21 00:00:00-04:00,18.790000915527344,18.799999237060547,17.93000030517578,18.010000228881836,18.010000228881836,92500,0.0,0.0
