Date,Open,High,Low,Close,Adj Close,Volume,Dividends,Stock Splits,Capital Gains
2025-06-26 00:00:00-04:00,40.13999938964844,40.189998626708984,39.90999984741211,39.90999984741211,39.09387969970703,36700,0.0,0.0,0.0
2025-06-27 00:00:00-04:00,40.150001525878906,40.369998931884766,40.150001525878906,40.249000549316406,39.42594528198242,11300,0.0,0.0,0.0
2025-06-30 00:00:00-04:00,40.45000076293945,40.56999969482422,40.29999923706055,40.4739990234375,39.646339416503906,28700,0.0,0.0,0.0
2025-07-01 00:00:00-04:00,40.36199951171875,41.404998779296875,40.31999969482422,40.39400100708008,39.56797790527344,11300,0.0,0.0,0.0
2025-07-02 00:00:00-04:00,40.31100082397461,40.36000061035156,40.2400016784668,40.25,39.42692565917969,50300,0.0,0.0,0.0
2025-07-03 00:00:00-04:00,40.47999954223633,40.56999969482422,40.439998626708984,40.513999938964844,39.68552780151367,4400,0.0,0.0,0.0
2025-07-07 00:00:00-04:00,40.56999969482422,40.56999969482422,40.459999084472656,40.54999923706055,39.72079086303711,93100,0.0,0.0,0.0
2025-07-08 00:00:00-04:00,40.47999954223633,40.5099983215332,40.40999984741211,40.40999984741211,39.583656311035156,3200,0.0,0.0,0.0
2025-07-09 00:00:00-04:00,40.5,40.599998474121094,40.380001068115234,40.44499969482422,39.61793518066406,11500,0.0,0.0,0.0
2025-07-10 00:00:00-04:00,40.4900016784668,40.4900016784668,40.47600173950195,40.47600173950195,39.64830017089844,200,0.0,0.0,0.0
2025-07-11 00:00:00-04:00,40.470001220703125,40.5099983215332,40.43299865722656,40.45500183105469,39.62773513793945,3700,0.0,0.0,0.0
2025-07-14 00:00:00-04:00,40.4900016784668,40.4900016784668,40.439998626708984,40.44200134277344,39.61499786376953,2200,0.0,0.0,0.0
2025-07-15 00:00:00-04:00,40.4900016784668,40.4900016784668,40.36000061035156,40.36000061035156,39.53467559814453,2500,0.0,0.0,0.0
2025-07-16 00:00:00-04:00,40.47999954223633,40.5,40.38999938964844,40.45800018310547,39.630672454833984,97600,0.0,0.0,0.0
2025-07-17 00:00:00-04:00,40.444000244140625,40.52899932861328,40.444000244140625,40.51300048828125,39.684547424316406,2000,0.0,0.0,0.0
2025-07-18 00:00:00-04:00,40.52000045776367,40.529998779296875,40.47200012207031,40.47200012207031,39.64438247680664,14900,0.0,0.0,0.0
2025-07-21 00:00:00-04:00,40.630001068115234,40.91999816894531,40.40999984741211,40.40999984741211,39.583656311035156,2200,0.0,0.0,0.0
2025-07-22 00:00:00-04:00,40.75,40.75,40.40999984741211,40.5,39.67181396484375,3200,0.0,0.0,0.0
2025-07-23 00:00:00-04:00,40.619998931884766,40.939998626708984,40.54999923706055,40.57500076293945,39.745277404785156,1100,0.0,0.0,0.0
2025-07-24 00:00:00-04:00,40.62300109863281,40.62300109863281,40.5890007019043,40.5890007019043,39.758995056152344,600,0.0,0.0,0.0
2025-07-25 00:00:00-04:00,40.60499954223633,40.60499954223633,40.40999984741211,40.560001373291016,39.730587005615234,5600,0.0,0.0,0.0
2025-07-28 00:00:00-04:00,40.65999984741211,40.65999984741211,40.560001373291016,40.560001373291016,39.730587005615234,1700,0.0,0.0,0.0
2025-07-29 00:00:00-04:00,40.630001068115234,40.630001068115234,40.529998779296875,40.529998779296875,39.70119857788086,1400,0.0,0.0,0.0
2025-07-30 00:00:00-04:00,40.630001068115234,40.63999938964844,40.5,40.5,39.67181396484375,1000,0.0,0.0,0.0
2025-07-31 00:00:00-04:00,40.68000030517578,40.68000030517578,40.56700134277344,40.56700134277344,39.73744201660156,800,0.0,0.0,0.0
2025-08-01 00:00:00-04:00,40.540000915527344,40.54999923706055,40.263999938964844,40.263999938964844,39.44063949584961,1400,0.0,0.0,0.0
2025-08-04 00:00:00-04:00,40.47999954223633,40.58000183105469,40.43000030517578,40.54999923706055,39.72079086303711,2300,0.0,0.0,0.0
2025-08-05 00:00:00-04:00,40.41999816894531,40.43000030517578,40.41999816894531,40.43000030517578,39.603248596191406,1300,0.0,0.0,0.0
2025-08-06 00:00:00-04:00,40.47999954223633,40.5880012512207,40.47999954223633,40.52000045776367,39.69140625,2400,0.0,0.0,0.0
2025-08-07 00:00:00-04:00,40.52000045776367,40.59000015258789,40.52000045776367,40.54399871826172,39.71491241455078,500,0.0,0.0,0.0
2025-08-08 00:00:00-04:00,40.68000030517578,40.7400016784668,40.29999923706055,40.29999923706055,39.47589874267578,9300,0.0,0.0,0.0
2025-08-11 00:00:00-04:00,40.70899963378906,40.75,40.65999984741211,40.715999603271484,39.883392333984375,1000,0.0,0.0,0.0
2025-08-12 00:00:00-04:00,40.85499954223633,40.95000076293945,40.7400016784668,40.939998626708984,40.102813720703125,18900,0.0,0.0,0.0
2025-08-13 00:00:00-04:00,40.98500061035156,40.98500061035156,40.849998474121094,40.849998474121094,40.014652252197266,15600,0.0,0.0,0.0
2025-08-14 00:00:00-04:00,40.86000061035156,40.86000061035156,40.779998779296875,40.790000915527344,39.95588302612305,15200,0.0,0.0,0.0
2025-08-15 00:00:00-04:00,40.86000061035156,40.86000061035156,40.79100036621094,40.79100036621094,39.95686340332031,7700,0.0,0.0,0.0
2025-08-18 00:00:00-04:00,41.15999984741211,41.15999984741211,40.73500061035156,40.73500061035156,39.902008056640625,9300,0.0,0.0,0.0
2025-08-19 00:00:00-04:00,40.86000061035156,40.869998931884766,40.77000045776367,40.7760009765625,39.942169189453125,18000,0.0,0.0,0.0
2025-08-20 00:00:00-04:00,40.7599983215332,40.77000045776367,40.72600173950195,40.72600173950195,39.8931884765625,4900,0.0,0.0,0.0
2025-08-21 00:00:00-04:00,40.81999969482422,40.81999969482422,40.599998474121094,40.599998474121094,39.76976776123047,2700,0.0,0.0,0.0
2025-08-22 00:00:00-04:00,40.869998931884766,40.959999084472656,40.70000076293945,40.875999450683594,40.040122985839844,9300,0.0,0.0,0.0
2025-08-25 00:00:00-04:00,40.86000061035156,41.0,40.86000061035156,40.88999938964844,40.0538330078125,4900,0.0,0.0,0.0
2025-08-26 00:00:00-04:00,40.91999816894531,41.02000045776367,40.91999816894531,40.91999816894531,40.083221435546875,5400,0.0,0.0,0.0
2025-08-27 00:00:00-04:00,40.939998626708984,41.349998474121094,40.82600021362305,40.849998474121094,40.014652252197266,6000,0.0,0.0,0.0
2025-08-28 00:00:00-04:00,40.84000015258789,41.0099983215332,40.84000015258789,40.926998138427734,40.09008026123047,3200,0.0,0.0,0.0
2025-08-29 00:00:00-04:00,40.93000030517578,40.970001220703125,40.79999923706055,40.79999923706055,39.965675354003906,9900,0.0,0.0,0.0
2025-09-02 00:00:00-04:00,40.959999084472656,40.959999084472656,40.75,40.941001892089844,40.103797912597656,1400,0.0,0.0,0.0
2025-09-03 00:00:00-04:00,40.95000076293945,41.02000045776367,40.91999816894531,40.95000076293945,40.112613677978516,9400,0.0,0.0,0.0
2025-09-04 00:00:00-04:00,41.02000045776367,41.119998931884766,41.0099983215332,41.060001373291016,40.22036361694336,17400,0.0,0.0,0.0
2025-09-05 00:00:00-04:00,41.150001525878906,41.150001525878906,41.150001525878906,41.150001525878906,40.30852508544922,1100,0.0,0.0,0.0
2025-09-08 00:00:00-04:00,41.20000076293945,41.22999954223633,40.91999816894531,41.20000076293945,40.35750198364258,1900,0.0,0.0,0.0
2025-09-09 00:00:00-04:00,41.185001373291016,41.185001373291016,41.11899948120117,41.11899948120117,40.27815628051758,400,0.0,0.0,0.0
2025-09-10 00:00:00-04:00,41.2599983215332,41.650001525878906,41.0989990234375,41.0989990234375,40.25856018066406,5700,0.0,0.0,0.0
2025-09-11 00:00:00-04:00,41.2400016784668,41.38999938964844,41.2400016784668,41.334999084472656,40.4897346496582,2000,0.0,0.0,0.0
2025-09-12 00:00:00-04:00,41.41999816894531,41.41999816894531,41.27000045776367,41.27000045776367,40.42606735229492,1100,0.0,0.0,0.0
2025-09-15 00:00:00-04:00,41.43000030517578,41.43000030517578,41.310001373291016,41.310001373291016,40.46525192260742,3700,0.0,0.0,0.0
2025-09-16 00:00:00-04:00,41.41999816894531,41.41999816894531,41.25,41.255001068115234,40.411373138427734,3200,0.0,0.0,0.0
2025-09-17 00:00:00-04:00,41.279998779296875,41.279998779296875,41.2400016784668,41.2400016784668,40.39668273925781,400,0.0,0.0,0.0
2025-09-18 00:00:00-04:00,41.400001525878906,41.400001525878906,41.290000915527344,41.290000915527344,40.44565963745117,6200,0.0,0.0,0.0
2025-09-19 00:00:00-04:00,41.31999969482422,41.41999816894531,41.31999969482422,41.40599822998047,40.55928421020508,3000,0.0,0.0,0.0
2025-09-22 00:00:00-04:00,41.400001525878906,41.5,41.400001525878906,41.48400115966797,40.63569641113281,800,0.0,0.0,0.0
2025-09-23 00:00:00-04:00,41.4010009765625,41.46500015258789,41.400001525878906,41.45399856567383,40.60630416870117,600,0.0,0.0,0.0
2025-09-24 00:00:00-04:00,41.40999984741211,41.40999984741211,41.279998779296875,41.279998779296875,40.57779312133789,200,0.145,0.0,0.0
2025-09-25 00:00:00-04:00,41.29999923706055,41.29999923706055,41.20000076293945,41.20000076293945,40.49916076660156,1100,0.0,0.0,0.0
2025-09-26 00:00:00-04:00,41.36000061035156,41.790000915527344,41.29999923706055,41.347999572753906,40.6446418762207,1500,0.0,0.0,0.0
2025-09-29 00:00:00-04:00,41.939998626708984,41.939998626708984,41.279998779296875,41.279998779296875,40.57779312133789,600,0.0,0.0,0.0
2025-09-30 00:00:00-04:00,41.35599899291992,41.35599899291992,41.35599899291992,41.35599899291992,40.652503967285156,200,0.0,0.0,0.0
2025-10-01 00:00:00-04:00,41.369998931884766,41.52000045776367,41.2599983215332,41.400001525878906,40.69575881958008,29800,0.0,0.0,0.0
2025-10-02 00:00:00-04:00,41.779998779296875,41.779998779296875,41.380001068115234,41.380001068115234,40.67609405517578,8800,0.0,0.0,0.0
2025-10-03 00:00:00-04:00,41.41999816894531,41.46500015258789,40.97999954223633,41.380001068115234,40.67609405517578,25200,0.0,0.0,0.0
2025-10-06 00:00:00-04:00,41.45399856567383,41.47200012207031,41.400001525878906,41.41600036621094,40.711483001708984,1500,0.0,0.0,0.0
2025-10-07 00:00:00-04:00,41.481998443603516,41.481998443603516,41.35900115966797,41.35900115966797,40.65545654296875,1900,0.0,0.0,0.0
2025-10-08 00:00:00-04:00,41.47999954223633,41.56999969482422,41.43000030517578,41.45500183105469,40.74982452392578,700,0.0,0.0,0.0
2025-10-09 00:00:00-04:00,41.470001220703125,41.560001373291016,41.470001220703125,41.50899887084961,40.80289840698242,3000,0.0,0.0,0.0
2025-10-10 00:00:00-04:00,41.459999084472656,41.459999084472656,40.933998107910156,40.933998107910156,40.2376823425293,2800,0.0,0.0,0.0
2025-10-13 00:00:00-04:00,41.060001373291016,41.25,41.060001373291016,41.178001403808594,40.477535247802734,2900,0.0,0.0,0.0
2025-10-14 00:00:00-04:00,41.12900161743164,41.12900161743164,41.12900161743164,41.12900161743164,40.42936706542969,300,0.0,0.0,0.0
2025-10-15 00:00:00-04:00,41.185001373291016,41.185001373291016,41.185001373291016,41.185001373291016,40.484413146972656,300,0.0,0.0,0.0
2025-10-16 00:00:00-04:00,41.15999984741211,41.15999984741211,41.08000183105469,41.08000183105469,40.381202697753906,3700,0.0,0.0,0.0
2025-10-17 00:00:00-04:00,41.20000076293945,41.20000076293945,41.189998626708984,41.189998626708984,40.48932647705078,1500,0.0,0.0,0.0
2025-10-20 00:00:00-04:00,41.380001068115234,41.42399978637695,41.380001068115234,41.42399978637695,40.7193489074707,700,0.0,0.0,0.0
2025-10-21 00:00:00-04:00,41.369998931884766,41.42599868774414,41.369998931884766,41.42599868774414,40.7213134765625,600,0.0,0.0,0.0
2025-10-22 00:00:00-04:00,41.439998626708984,41.439998626708984,41.435001373291016,41.435001373291016,40.73016357421875,200,0.0,0.0,0.0
2025-10-23 00:00:00-04:00,41.5,41.553001403808594,41.5,41.553001403808594,40.846153259277344,200,0.0,0.0,0.0
2025-10-24 00:00:00-04:00,41.689998626708984,41.689998626708984,41.689998626708984,41.689998626708984,40.98081970214844,200,0.0,0.0,0.0
2025-10-27 00:00:00-04:00,41.80099868774414,41.9010009765625,41.80099868774414,41.888999938964844,41.17644119262695,700,0.0,0.0,0.0
2025-10-28 00:00:00-04:00,41.88100051879883,41.97800064086914,41.880001068115234,41.97800064086914,41.2639274597168,1100,0.0,0.0,0.0
2025-10-29 00:00:00-04:00,42.08000183105469,42.08000183105469,41.96200180053711,41.96200180053711,41.24819564819336,1700,0.0,0.0,0.0
2025-10-30 00:00:00-04:00,41.93000030517578,41.939998626708984,41.880001068115234,41.880001068115234,41.1675910949707,300,0.0,0.0,0.0
2025-10-31 00:00:00-04:00,42.029998779296875,42.040000915527344,41.9900016784668,41.994998931884766,41.28063201904297,3300,0.0,0.0,0.0
2025-11-03 00:00:00-05:00,41.939998626708984,42.029998779296875,41.90999984741211,41.935001373291016,41.221656799316406,6500,0.0,0.0,0.0
2025-11-04 00:00:00-05:00,41.97999954223633,41.97999954223633,41.917999267578125,41.917999267578125,41.2049446105957,1500,0.0,0.0,0.0
2025-11-05 00:00:00-05:00,41.91999816894531,42.02000045776367,41.91999816894531,41.93000030517578,41.216739654541016,900,0.0,0.0,0.0
2025-11-06 00:00:00-05:00,41.8120002746582,41.8120002746582,41.8120002746582,41.8120002746582,41.10074996948242,100,0.0,0.0,0.0
2025-11-07 00:00:00-05:00,41.83000183105469,41.83000183105469,41.83000183105469,41.83000183105469,41.11844253540039,100,0.0,0.0,0.0
2025-11-10 00:00:00-05:00,42.0099983215332,42.0099983215332,42.0099983215332,42.0099983215332,41.295379638671875,100,0.0,0.0,0.0
2025-11-11 00:00:00-05:00,41.93299865722656,41.93299865722656,41.93299865722656,41.93299865722656,41.219688415527344,100,0.0,0.0,0.0
2025-11-12 00:00:00-05:00,41.95000076293945,42.0,41.900001525878906,41.94499969482422,41.23148727416992,1300,0.0,0.0,0.0
2025-11-13 00:00:00-05:00,41.900001525878906,41.900001525878906,41.66999816894531,41.72700119018555,41.01719665527344,1800,0.0,0.0,0.0
2025-11-14 00:00:00-05:00,41.7400016784668,41.7400016784668,41.7400016784668,41.7400016784668,41.02997589111328,100,0.0,0.0,0.0
2025-11-17 00:00:00-05:00,41.72100067138672,41.72100067138672,41.72100067138672,41.72100067138672,41.011295318603516,200,0.0,0.0,0.0
2025-11-18 00:00:00-05:00,41.68000030517578,41.68000030517578,41.68000030517578,41.68000030517578,40.97099304199219,100,0.0,0.0,0.0
2025-11-19 00:00:00-05:00,41.724998474121094,41.724998474121094,41.724998474121094,41.724998474121094,41.015228271484375,100,0.0,0.0,0.0
2025-11-20 00:00:00-05:00,41.999000549316406,41.999000549316406,41.38999938964844,41.60499954223633,40.89727020263672,1200,0.0,0.0,0.0
2025-11-21 00:00:00-05:00,41.619998931884766,41.83000183105469,41.619998931884766,41.652000427246094,40.9434700012207,2400,0.0,0.0,0.0
2025-11-24 00:00:00-05:00,41.81999969482422,41.88999938964844,41.81999969482422,41.88999938964844,41.177425384521484,300,0.0,0.0,0.0
2025-11-25 00:00:00-05:00,42.12900161743164,42.12900161743164,42.12900161743164,42.12900161743164,41.412357330322266,100,0.0,0.0,0.0
2025-11-26 00:00:00-05:00,42.28799819946289,42.28799819946289,42.28799819946289,42.28799819946289,41.56864929199219,100,0.0,0.0,0.0
2025-11-28 00:00:00-05:00,42.619998931884766,42.619998931884766,42.27000045776367,42.31999969482422,41.60010528564453,1200,0.0,0.0,0.0
2025-12-01 00:00:00-05:00,42.29999923706055,42.29999923706055,42.244998931884766,42.244998931884766,41.5263786315918,300,0.0,0.0,0.0
2025-12-02 00:00:00-05:00,42.22999954223633,42.22999954223633,42.189998626708984,42.189998626708984,41.472312927246094,300,0.0,0.0,0.0
2025-12-03 00:00:00-05:00,42.16999816894531,42.20000076293945,42.16999816894531,42.20000076293945,41.482147216796875,300,0.0,0.0,0.0
2025-12-04 00:00:00-05:00,42.185001373291016,42.185001373291016,42.185001373291016,42.185001373291016,41.467403411865234,100,0.0,0.0,0.0
2025-12-05 00:00:00-05:00,42.529998779296875,42.529998779296875,42.16299819946289,42.16299819946289,41.445770263671875,900,0.0,0.0,0.0
2025-12-08 00:00:00-05:00,42.16999816894531,42.16999816894531,42.16999816894531,42.16999816894531,41.45265579223633,700,0.0,0.0,0.0
2025-12-09 00:00:00-05:00,42.12900161743164,42.16999816894531,42.11000061035156,42.11000061035156,41.3936767578125,400,0.0,0.0,0.0
2025-12-10 00:00:00-05:00,42.08000183105469,42.18600082397461,42.08000183105469,42.18600082397461,41.4683837890625,3600,0.0,0.0,0.0
2025-12-11 00:00:00-05:00,42.04999923706055,42.137001037597656,42.04999923706055,42.137001037597656,41.42021942138672,100,0.0,0.0,0.0
2025-12-12 00:00:00-05:00,42.08599853515625,42.08599853515625,42.08599853515625,42.08599853515625,41.370086669921875,100,0.0,0.0,0.0
2025-12-15 00:00:00-05:00,42.15999984741211,42.16999816894531,42.04100036621094,42.09000015258789,41.374019622802734,1000,0.0,0.0,0.0
2025-12-16 00:00:00-05:00,42.130001068115234,42.130001068115234,42.06999969482422,42.06999969482422,41.3543586730957,200,0.0,0.0,0.0
2025-12-17 00:00:00-05:00,42.005001068115234,42.005001068115234,42.005001068115234,42.005001068115234,41.29046630859375,200,0.0,0.0,0.0
2025-12-18 00:00:00-05:00,42.220001220703125,42.22999954223633,42.12300109863281,42.12300109863281,41.40645980834961,1700,0.0,0.0,0.0
2025-12-19 00:00:00-05:00,42.244998931884766,42.28799819946289,42.244998931884766,42.28799819946289,41.56864929199219,300,0.0,0.0,0.0
2025-12-22 00:00:00-05:00,42.38999938964844,42.439998626708984,42.33000183105469,42.38999938964844,41.66891860961914,3000,0.0,0.0,0.0
2025-12-23 00:00:00-05:00,42.472999572753906,42.472999572753906,42.472999572753906,42.472999572753906,41.75050354003906,100,0.0,0.0,0.0
2025-12-24 00:00:00-05:00,42.2599983215332,42.310001373291016,42.2599983215332,42.308998107910156,41.827613830566406,600,0.242,0.0,0.0
2025-12-26 00:00:00-05:00,42.244998931884766,42.244998931884766,42.244998931884766,42.244998931884766,41.76434326171875,100,0.0,0.0,0.0
2025-12-29 00:00:00-05:00,42.22600173950195,42.22600173950195,42.22600173950195,42.22600173950195,41.74555969238281,100,0.0,0.0,0.0
2025-12-30 00:00:00-05:00,42.15999984741211,42.209999084472656,42.15999984741211,42.209999084472656,41.729740142822266,200,0.0,0.0,0.0
2025-12-31 00:00:00-05:00,42.20000076293945,42.20000076293945,42.14099884033203,42.20000076293945,41.71985626220703,1200,0.0,0.0,0.0
2026-01-02 00:00:00-05:00,42.25,42.25,42.25,42.25,41.769287109375,100,0.0,0.0,0.0
2026-01-05 00:00:00-05:00,42.34000015258789,42.34000015258789,42.34000015258789,42.34000015258789,41.85826110839844,100,0.0,0.0,0.0
2026-01-06 00:00:00-05:00,42.439998626708984,42.44900131225586,42.40999984741211,42.44900131225586,41.96602249145508,5300,0.0,0.0,0.0
2026-01-07 00:00:00-05:00,42.439998626708984,42.439998626708984,42.402000427246094,42.402000427246094,41.919559478759766,200,0.0,0.0,0.0
2026-01-08 00:00:00-05:00,42.38999938964844,42.439998626708984,42.38999938964844,42.439998626708984,41.957122802734375,200,0.0,0.0,0.0
2026-01-09 00:00:00-05:00,42.68000030517578,42.68000030517578,42.61800003051758,42.61800003051758,42.13309860229492,300,0.0,0.0,0.0
2026-01-12 00:00:00-05:00,42.4900016784668,42.650001525878906,42.4900016784668,42.599998474121094,42.11530303955078,700,0.0,0.0,0.0
2026-01-13 00:00:00-05:00,42.62799835205078,42.62799835205078,42.58000183105469,42.58000183105469,42.09553146362305,100,0.0,0.0,0.0
2026-01-14 00:00:00-05:00,42.47200012207031,42.525001525878906,42.47200012207031,42.525001525878906,42.041160583496094,300,0.0,0.0,0.0
2026-01-15 00:00:00-05:00,42.58000183105469,42.689998626708984,42.50600051879883,42.50600051879883,42.02237319946289,2500,0.0,0.0,0.0
2026-01-16 00:00:00-05:00,42.470001220703125,42.50600051879883,42.470001220703125,42.50600051879883,42.02237319946289,300,0.0,0.0,0.0
2026-01-20 00:00:00-05:00,42.33000183105469,42.349998474121094,42.03099822998047,42.03099822998047,41.55277633666992,700,0.0,0.0,0.0
2026-01-21 00:00:00-05:00,42.23099899291992,42.23099899291992,42.23099899291992,42.23099899291992,41.75050354003906,900,0.0,0.0,0.0
2026-01-22 00:00:00-05:00,42.380001068115234,42.380001068115234,42.209999084472656,42.29600143432617,41.814762115478516,3100,0.0,0.0,0.0
2026-01-23 00:00:00-05:00,42.32400131225586,42.32400131225586,42.32400131225586,42.32400131225586,41.842445373535156,100,0.0,0.0,0.0
2026-01-26 00:00:00-05:00,42.470001220703125,42.470001220703125,42.375999450683594,42.375999450683594,41.89385223388672,700,0.0,0.0,0.0
2026-01-27 00:00:00-05:00,42.45000076293945,42.45000076293945,42.380001068115234,42.380001068115234,41.89780807495117,300,0.0,0.0,0.0
2026-01-28 00:00:00-05:00,42.3849983215332,42.3849983215332,42.3849983215332,42.3849983215332,41.902748107910156,100,0.0,0.0,0.0
2026-01-29 00:00:00-05:00,42.33000183105469,42.33000183105469,42.33000183105469,42.33000183105469,41.8483772277832,100,0.0,0.0,0.0
2026-01-30 00:00:00-05:00,42.2599983215332,42.2599983215332,42.25600051879883,42.25600051879883,41.77521896362305,300,0.0,0.0,0.0
2026-02-02 00:00:00-05:00,42.262001037597656,42.262001037597656,42.262001037597656,42.262001037597656,41.781150817871094,100,0.0,0.0,0.0
2026-02-03 00:00:00-05:00,42.20000076293945,42.25899887084961,42.150001525878906,42.25899887084961,41.77818298339844,2600,0.0,0.0,0.0
2026-02-04 00:00:00-05:00,42.119998931884766,42.22999954223633,42.119998931884766,42.15399932861328,41.674381256103516,2700,0.0,0.0,0.0
2026-02-05 00:00:00-05:00,42.06800079345703,42.06800079345703,42.06800079345703,42.06800079345703,41.589359283447266,100,0.0,0.0,0.0
2026-02-06 00:00:00-05:00,42.41999816894531,42.41999816894531,42.41999816894531,42.41999816894531,41.93735122680664,200,0.0,0.0,0.0
2026-02-09 00:00:00-05:00,42.54199981689453,42.54199981689453,42.54199981689453,42.54199981689453,42.05796432495117,100,0.0,0.0,0.0
2026-02-10 00:00:00-05:00,42.540000915527344,42.540000915527344,42.540000915527344,42.540000915527344,42.05598831176758,200,0.0,0.0,0.0
2026-02-11 00:00:00-05:00,42.47999954223633,42.4900016784668,42.47999954223633,42.4900016784668,42.00655746459961,400,0.0,0.0,0.0
2026-02-12 00:00:00-05:00,42.28300094604492,42.28300094604492,42.28300094604492,42.28300094604492,41.80191421508789,300,0.0,0.0,0.0
2026-02-13 00:00:00-05:00,42.33000183105469,42.33000183105469,42.33000183105469,42.33000183105469,41.8483772277832,200,0.0,0.0,0.0
2026-02-17 00:00:00-05:00,42.36000061035156,42.36000061035156,42.36000061035156,42.36000061035156,41.87803649902344,100,0.0,0.0,0.0
2026-02-18 00:00:00-05:00,42.36000061035156,42.36000061035156,42.36000061035156,42.36000061035156,41.87803649902344,100,0.0,0.0,0.0
2026-02-19 00:00:00-05:00,42.28499984741211,42.3129997253418,42.28499984741211,42.3129997253418,41.83156967163086,300,0.0,0.0,0.0
2026-02-20 00:00:00-05:00,42.22999954223633,42.4119987487793,42.22999954223633,42.4119987487793,41.929443359375,400,0.0,0.0,0.0
2026-02-23 00:00:00-05:00,42.361000061035156,42.369998931884766,42.36000061035156,42.369998931884766,41.88792037963867,800,0.0,0.0,0.0
2026-02-24 00:00:00-05:00,42.43000030517578,42.49100112915039,42.43000030517578,42.49100112915039,42.007545471191406,200,0.0,0.0,0.0
2026-02-25 00:00:00-05:00,42.52000045776367,42.680999755859375,42.52000045776367,42.680999755859375,42.19538497924805,200,0.0,0.0,0.0
2026-02-26 00:00:00-05:00,42.63999938964844,42.63999938964844,42.63999938964844,42.63999938964844,42.154850006103516,100,0.0,0.0,0.0
2026-02-27 00:00:00-05:00,42.66899871826172,42.66899871826172,42.6150016784668,42.6150016784668,42.13013458251953,300,0.0,0.0,0.0
2026-03-02 00:00:00-05:00,42.599998474121094,42.599998474121094,42.571998596191406,42.571998596191406,42.08761978149414,200,0.0,0.0,0.0
2026-03-03 00:00:00-05:00,41.91999816894531,42.51900100708008,41.900001525878906,42.51900100708008,42.03522872924805,3100,0.0,0.0,0.0
2026-03-04 00:00:00-05:00,42.604000091552734,42.604000091552734,42.604000091552734,42.604000091552734,42.119258880615234,200,0.0,0.0,0.0
2026-03-05 00:00:00-05:00,42.47999954223633,42.571998596191406,42.47999954223633,42.571998596191406,42.08761978149414,300,0.0,0.0,0.0
2026-03-06 00:00:00-05:00,42.41899871826172,42.41899871826172,42.41899871826172,42.41899871826172,41.936363220214844,100,0.0,0.0,0.0
2026-03-09 00:00:00-04:00,42.2400016784668,42.483001708984375,42.2400016784668,42.483001708984375,41.999637603759766,200,0.0,0.0,0.0
2026-03-10 00:00:00-04:00,42.3390007019043,42.3390007019043,42.3390007019043,42.3390007019043,41.85727310180664,100,0.0,0.0,0.0
2026-03-11 00:00:00-04:00,42.27000045776367,42.36199951171875,42.27000045776367,42.36199951171875,41.88001251220703,200,0.0,0.0,0.0
2026-03-12 00:00:00-04:00,42.31999969482422,42.31999969482422,42.290000915527344,42.290000915527344,41.808834075927734,200,0.0,0.0,0.0
2026-03-13 00:00:00-04:00,42.275001525878906,42.275001525878906,42.275001525878906,42.275001525878906,41.79400634765625,100,0.0,0.0,0.0
2026-03-16 00:00:00-04:00,42.5,42.5,42.35599899291992,42.35599899291992,41.874080657958984,700,0.0,0.0,0.0
2026-03-17 00:00:00-04:00,42.5099983215332,42.5099983215332,42.277000427246094,42.277000427246094,41.795982360839844,500,0.0,0.0,0.0
2026-03-18 00:00:00-04:00,42.380001068115234,42.380001068115234,42.275001525878906,42.290000915527344,41.808834075927734,600,0.0,0.0,0.0
2026-03-19 00:00:00-04:00,42.11000061035156,42.36000061035156,42.11000061035156,42.34000015258789,41.85826110839844,600,0.0,0.0,0.0
2026-03-20 00:00:00-04:00,42.310001373291016,42.310001373291016,42.209999084472656,42.21699905395508,41.73666000366211,300,0.0,0.0,0.0
2026-03-23 00:00:00-04:00,42.33000183105469,42.382999420166016,42.33000183105469,42.382999420166016,41.90077209472656,200,0.0,0.0,0.0
2026-03-24 00:00:00-04:00,42.40999984741211,42.40999984741211,42.40999984741211,42.40999984741211,41.927467346191406,200,0.0,0.0,0.0
2026-03-25 00:00:00-04:00,42.19499969482422,42.19499969482422,42.19499969482422,42.19499969482422,41.875858306884766,100,0.163,0.0,0.0
2026-03-26 00:00:00-04:00,42.04800033569336,42.04800033569336,42.04800033569336,42.04800033569336,41.72997283935547,100,0.0,0.0,0.0
2026-03-27 00:00:00-04:00,41.9900016784668,41.99599838256836,41.9900016784668,41.99599838256836,41.67836380004883,100,0.0,0.0,0.0
2026-03-30 00:00:00-04:00,41.9900016784668,41.9900016784668,41.9900016784668,41.9900016784668,41.67241287231445,100,0.0,0.0,0.0
2026-03-31 00:00:00-04:00,46.0099983215332,46.0099983215332,42.380001068115234,42.380001068115234,42.0594596862793,700,0.0,0.0,0.0
2026-04-01 00:00:00-04:00,42.48899841308594,42.48899841308594,42.48899841308594,42.48899841308594,42.167633056640625,100,0.0,0.0,0.0
2026-04-02 00:00:00-04:00,42.40999984741211,42.4119987487793,42.349998474121094,42.4119987487793,42.091217041015625,3600,0.0,0.0,0.0
2026-04-06 00:00:00-04:00,42.40800094604492,42.40800094604492,42.40800094604492,42.40800094604492,42.087249755859375,200,0.0,0.0,0.0
2026-04-07 00:00:00-04:00,42.349998474121094,42.349998474121094,42.349998474121094,42.349998474121094,42.029685974121094,300,0.0,0.0,0.0
2026-04-08 00:00:00-04:00,42.709999084472656,42.709999084472656,42.650001525878906,42.650001525878906,42.32741928100586,200,0.0,0.0,0.0
2026-04-09 00:00:00-04:00,42.71099853515625,42.71099853515625,42.71099853515625,42.71099853515625,42.38795471191406,100,0.0,0.0,0.0
2026-04-10 00:00:00-04:00,42.654998779296875,42.654998779296875,42.654998779296875,42.654998779296875,42.33237838745117,100,0.0,0.0,0.0
2026-04-13 00:00:00-04:00,42.60499954223633,42.867000579833984,42.60499954223633,42.867000579833984,42.54277801513672,800,0.0,0.0,0.0
2026-04-14 00:00:00-04:00,43.060001373291016,43.060001373291016,43.060001373291016,43.060001373291016,42.734317779541016,100,0.0,0.0,0.0
2026-04-15 00:00:00-04:00,43.11000061035156,43.24700164794922,43.11000061035156,43.24700164794922,42.91990280151367,300,0.0,0.0,0.0
2026-04-16 00:00:00-04:00,43.23899841308594,43.23899841308594,43.23899841308594,43.23899841308594,42.91196060180664,100,0.0,0.0,0.0
2026-04-17 00:00:00-04:00,43.5,43.5,43.46900177001953,43.46900177001953,43.14022445678711,200,0.0,0.0,0.0
2026-04-20 00:00:00-04:00,43.099998474121094,43.47999954223633,43.099998474121094,43.41999816894531,43.091590881347656,5000,0.0,0.0,0.0
2026-04-21 00:00:00-04:00,43.369998931884766,43.393001556396484,43.369998931884766,43.393001556396484,43.06480026245117,400,0.0,0.0,0.0
2026-04-22 00:00:00-04:00,43.573001861572266,43.573001861572266,43.573001861572266,43.573001861572266,43.243438720703125,100,0.0,0.0,0.0
2026-04-23 00:00:00-04:00,43.52899932861328,43.52899932861328,43.52899932861328,43.52899932861328,43.19976806640625,100,0.0,0.0,0.0
2026-04-24 00:00:00-04:00,43.564998626708984,43.6619987487793,43.564998626708984,43.6619987487793,43.331764221191406,300,0.0,0.0,0.0
2026-04-27 00:00:00-04:00,43.6150016784668,43.6150016784668,43.6150016784668,43.6150016784668,43.28512191772461,100,0.0,0.0,0.0
2026-04-28 00:00:00-04:00,43.60900115966797,43.60900115966797,43.56999969482422,43.56999969482422,43.24045944213867,200,0.0,0.0,0.0
2026-04-29 00:00:00-04:00,43.59000015258789,43.59000015258789,43.53200149536133,43.53200149536133,43.2027473449707,200,0.0,0.0,0.0
2026-04-30 00:00:00-04:00,43.72999954223633,43.72999954223633,43.72999954223633,43.72999954223633,43.39925003051758,100,0.0,0.0,0.0
2026-05-01 00:00:00-04:00,43.935001373291016,44.0099983215332,43.7760009765625,43.7760009765625,43.44490432739258,1900,0.0,0.0,0.0
2026-05-04 00:00:00-04:00,43.744998931884766,43.744998931884766,43.744998931884766,43.744998931884766,43.41413497924805,100,0.0,0.0,0.0
2026-05-05 00:00:00-04:00,43.90999984741211,43.90999984741211,43.90999984741211,43.90999984741211,43.57788848876953,100,0.0,0.0,0.0
2026-05-06 00:00:00-04:00,44.36000061035156,44.36000061035156,44.185001373291016,44.185001373291016,43.85081100463867,200,0.0,0.0,0.0
2026-05-07 00:00:00-04:00,44.14099884033203,44.20000076293945,44.14099884033203,44.16999816894531,43.83591842651367,700,0.0,0.0,0.0
2026-05-08 00:00:00-04:00,44.275001525878906,44.321998596191406,44.275001525878906,44.321998596191406,43.98677062988281,400,0.0,0.0,0.0
2026-05-11 00:00:00-04:00,44.32500076293945,44.33000183105469,44.29499816894531,44.29499816894531,43.9599723815918,300,0.0,0.0,0.0
2026-05-12 00:00:00-04:00,44.029998779296875,44.279998779296875,44.029998779296875,44.279998779296875,43.94508743286133,400,0.0,0.0,0.0
2026-05-13 00:00:00-04:00,44.49800109863281,44.49800109863281,44.49800109863281,44.49800109863281,44.161441802978516,100,0.0,0.0,0.0
2026-05-14 00:00:00-04:00,44.560001373291016,44.61000061035156,44.45000076293945,44.61000061035156,44.2725944519043,2400,0.0,0.0,0.0
2026-05-15 00:00:00-04:00,44.459999084472656,44.59000015258789,44.43000030517578,44.57500076293945,44.237857818603516,15200,0.0,0.0,0.0
2026-05-18 00:00:00-04:00,44.470001220703125,44.53499984741211,44.459999084472656,44.53499984741211,44.19816207885742,2100,0.0,0.0,0.0
2026-05-19 00:00:00-04:00,44.40999984741211,44.439998626708984,44.38999938964844,44.439998626708984,44.103878021240234,1400,0.0,0.0,0.0
2026-05-20 00:00:00-04:00,44.4900016784668,44.60200119018555,44.4900016784668,44.60200119018555,44.26465606689453,1300,0.0,0.0,0.0
2026-05-21 00:00:00-04:00,44.529998779296875,44.5989990234375,44.529998779296875,44.5989990234375,44.26167678833008,600,0.0,0.0,0.0
2026-05-22 00:00:00-04:00,44.58000183105469,44.630001068115234,44.57899856567383,44.57899856567383,44.241825103759766,1200,0.0,0.0,0.0
2026-05-26 00:00:00-04:00,44.55500030517578,44.55500030517578,44.55500030517578,44.55500030517578,44.21800994873047,200,0.0,0.0,0.0
2026-05-27 00:00:00-04:00,44.61000061035156,44.61000061035156,44.61000061035156,44.61000061035156,44.2725944519043,200,0.0,0.0,0.0
2026-05-28 00:00:00-04:00,44.56999969482422,44.56999969482422,44.56999969482422,44.56999969482422,44.23289489746094,200,0.0,0.0,0.0
2026-05-29 00:00:00-04:00,44.72999954223633,44.72999954223633,44.560001373291016,44.560001373291016,44.22297286987305,900,0.0,0.0,0.0
2026-06-01 00:00:00-04:00,44.53099822998047,44.599998474121094,44.53099822998047,44.58399963378906,44.246788024902344,9200,0.0,0.0,0.0
2026-06-02 00:00:00-04:00,44.63999938964844,44.650001525878906,44.63999938964844,44.63999938964844,44.302364349365234,9000,0.0,0.0,0.0
2026-06-03 00:00:00-04:00,44.57400131225586,44.57400131225586,44.57400131225586,44.57400131225586,44.23686599731445,100,0.0,0.0,0.0
2026-06-04 00:00:00-04:00,44.599998474121094,44.599998474121094,44.599998474121094,44.599998474121094,44.26266860961914,200,0.0,0.0,0.0
2026-06-05 00:00:00-04:00,44.53499984741211,44.53499984741211,43.81999969482422,43.93000030517578,43.59773635864258,1800,0.0,0.0,0.0
2026-06-08 00:00:00-04:00,43.959999084472656,43.959999084472656,43.900001525878906,43.900001525878906,43.56796646118164,400,0.0,0.0,0.0
2026-06-09 00:00:00-04:00,44.07899856567383,44.08000183105469,43.5,44.0099983215332,43.67713165283203,6300,0.0,0.0,0.0
2026-06-10 00:00:00-04:00,43.86000061035156,43.90999984741211,43.845001220703125,43.85499954223633,43.5233039855957,700,0.0,0.0,0.0
2026-06-11 00:00:00-04:00,43.95000076293945,44.23500061035156,43.95000076293945,44.23500061035156,43.900428771972656,700,0.0,0.0,0.0
2026-06-12 00:00:00-04:00,44.290000915527344,44.358001708984375,44.27000045776367,44.358001708984375,44.02250289916992,10500,0.0,0.0,0.0
2026-06-15 00:00:00-04:00,44.61000061035156,44.630001068115234,44.59000015258789,44.630001068115234,44.292442321777344,17900,0.0,0.0,0.0
2026-06-16 00:00:00-04:00,44.560001373291016,44.560001373291016,44.560001373291016,44.560001373291016,44.22297286987305,300,0.0,0.0,0.0
2026-06-17 00:00:00-04:00,44.61399841308594,44.650001525878906,44.41699981689453,44.41699981689453,44.0810546875,900,0.0,0.0,0.0
2026-06-18 00:00:00-04:00,44.63999938964844,44.650001525878906,44.63999938964844,44.63999938964844,44.302364349365234,1000,0.0,0.0,0.0
2026-06-22 00:00:00-04:00,44.650001525878906,44.65999984741211,44.560001373291016,44.560001373291016,44.22297286987305,2300,0.0,0.0,0.0
2026-06-23 00:00:00-04:00,44.25,44.529998779296875,44.25,44.42399978637695,44.0880012512207,8800,0.0,0.0,0.0
2026-06-24 00:00:00-04:00,44.18000030517578,44.18000030517578,44.04199981689453,44.04199981689453,44.04199981689453,500,0.336,0.0,0.0
2026-06-25 00:00:00-04:00,44.2599983215332,44.2599983215332,43.96099853515625,44.0,44.0,500,0.0,0.0,0.0
2026-06-26 00:00:00-04:00,43.91999816894531,43.91999816894531,43.909000396728516,43.909000396728516,43.909000396728516,300,0.0,0.0,0.0
2026-06-29 00:00:00-04:00,44.32500076293945,44.42300033569336,44.20000076293945,44.42300033569336,44.42300033569336,1500,0.0,0.0,0.0
2026-06-30 00:00:00-04:00,44.279998779296875,44.44300079345703,44.279998779296875,44.44300079345703,44.44300079345703,900,0.0,0.0,0.0
2026-07-01 00:00:00-04:00,44.349998474121094,44.382999420166016,44.349998474121094,44.382999420166016,44.382999420166016,100,0.0,0.0,0.0
2026-07-02 00:00:00-04:00,44.349998474121094,44.369998931884766,44.290000915527344,44.369998931884766,44.369998931884766,1300,0.0,0.0,0.0
2026-07-06 00:00:00-04:00,44.47999954223633,44.564998626708984,44.47999954223633,44.564998626708984,44.564998626708984,1100,0.0,0.0,0.0
2026-07-07 00:00:00-04:00,44.45000076293945,44.49700164794922,44.439998626708984,44.49700164794922,44.49700164794922,1200,0.0,0.0,0.0
2026-07-08 00:00:00-04:00,44.38100051879883,44.48500061035156,44.38100051879883,44.48500061035156,44.48500061035156,300,0.0,0.0,0.0
2026-07-09 00:00:00-04:00,44.540000915527344,44.650001525878906,44.540000915527344,44.650001525878906,44.650001525878906,500,0.0,0.0,0.0
2026-07-10 00:00:00-04:00,45.02000045776367,45.02000045776367,44.630001068115234,44.731998443603516,44.731998443603516,2200,0.0,0.0,0.0
2026-07-13 00:00:00-04:00,44.630001068115234,44.68000030517578,44.619998931884766,44.68000030517578,44.68000030517578,2900,0.0,0.0,0.0
2026-07-14 00:00:00-04:00,44.63999938964844,44.672000885009766,44.63999938964844,44.672000885009766,44.672000885009766,400,0.0,0.0,0.0
2026-07-15 00:00:00-04:00,44.619998931884766,44.720001220703125,44.619998931884766,44.66600036621094,44.66600036621094,5600,0.0,0.0,0.0
2026-07-16 00:00:00-04:00,44.6150016784668,44.6150016784668,44.6150016784668,44.6150016784668,44.6150016784668,100,0.0,0.0,0.0
2026-07-17 00:00:00-04:00,44.5099983215332,44.630001068115234,44.500999450683594,44.58700180053711,44.58700180053711,2100,0.0,0.0,0.0
2026-07-20 00:00:00-04:00,44.58000183105469,44.630001068115234,44.560001373291016,44.560001373291016,44.560001373291016,4100,0.0,0.0,0.0
2026-07-21 00:00:00-04:00,44.70899963378906,44.70899963378906,44.599998474121094,44.599998474121094,44.599998474121094,1000,0.0,0.0,0.0
2026-07-22 00:00:00-04:00,44.31999969482422,44.64500045776367,44.31999969482422,44.64500045776367,44.64500045776367,1500,0.0,0.0,0.0
2026-07-23 00:00:00-04:00,44.4900016784668,44.51599884033203,44.4900016784668,44.51599884033203,44.51599884033203,300,0.0,0.0,0.0
2026-07-24 00:00:00-04:00,44.54999923706055,44.650001525878906,44.505001068115234,44.505001068115234,44.505001068115234,8000,0.0,0.0,0.0
2026-07-27 00:00:00-04:00,44.492000579833984,44.492000579833984,44.41999816894531,44.41999816894531,44.41999816894531,2000,0.0,0.0,0.0
2026-07-28 00:00:00-04:00,44.43000030517578,44.529998779296875,44.393001556396484,44.393001556396484,44.393001556396484,1100,0.0,0.0,0.0
2026-07-29 00:00:00-04:00,44.176998138427734,44.176998138427734,44.176998138427734,44.176998138427734,44.176998138427734,100,0.0,0.0,0.0
2026-07-30 00:00:00-04:00,44.470001220703125,44.47999954223633,44.45000076293945,44.45500183105469,44.45500183105469,700,0.0,0.0,0.0
2026-07-31 00:00:00-04:00,44.529998779296875,44.61000061035156,44.52000045776367,44.56999969482422,44.56999969482422,10300,0.0,0.0,0.0
2026-08-03 00:00:00-04:00,44.814998626708984,44.88100051879883,44.790000915527344,44.79999923706055,44.79999923706055,900,0.0,0.0,0.0
2026-08-04 00:00:00-04:00,45.04999923706055,45.04999923706055,45.040000915527344,45.040000915527344,45.040000915527344,600,0.0,0.0,0.0
2026-08-05 00:00:00-04:00,45.16999816894531,45.16999816894531,45.04999923706055,45.09000015258789,45.09000015258789,800,0.0,0.0,0.0
2026-08-06 00:00:00-04:00,45.159000396728516,45.16999816894531,45.060001373291016,45.1150016784668,45.1150016784668,12000,0.0,0.0,0.0
2026-08-07 00:00:00-04:00,45.209999084472656,45.209999084472656,45.16299819946289,45.16299819946289,45.16299819946289,500,0.0,0.0,0.0
2026-08-10 00:00:00-04:00,45.150001525878906,45.36000061035156,45.08000183105469,45.15999984741211,45.15999984741211,14700,0.0,0.0,0.0
2026-08-11 00:00:00-04:00,49.66999816894531,49.66999816894531,45.0,45.119998931884766,45.119998931884766,1500,0.0,0.0,0.0
2026-08-12 00:00:00-04:00,45.07500076293945,45.07899856567383,45.000999450683594,45.000999450683594,45.000999450683594,500,0.0,0.0,0.0
2026-08-13 00:00:00-04:00,45.106998443603516,45.106998443603516,45.106998443603516,45.106998443603516,45.106998443603516,100,0.0,0.0,0.0
2026-08-14 00:00:00-04:00,45.06999969482422,45.130001068115234,45.02000045776367,45.07600021362305,45.07600021362305,700,0.0,0.0,0.0
2026-08-17 00:00:00-04:00,45.08000183105469,45.08000183105469,45.051998138427734,45.051998138427734,45.051998138427734,1100,0.0,0.0,0.0
2026-08-18 00:00:00-04:00,44.95000076293945,45.060001373291016,44.939998626708984,45.047000885009766,45.047000885009766,4800,0.0,0.0,0.0
2026-08-19 00:00:00-04:00,45.10499954223633,45.10499954223633,45.029998779296875,45.051998138427734,45.051998138427734,600,0.0,0.0,0.0
2026-08-20 00:00:00-04:00,45.0369987487793,45.0369987487793,45.0369987487793,45.0369987487793,45.0369987487793,100,0.0,0.0,0.0
2026-08-21 00:00:00-04:00,45.06999969482422,45.06999969482422,45.058998107910156,45.058998107910156,45.058998107910156,300,0.0,0.0,0.0
2026-08-24 00:00:00-04:00,45.020999908447266,45.020999908447266,45.020999908447266,45.020999908447266,45.020999908447266,100,0.0,0.0,0.0
2026-08-25 00:00:00-04:00,45.042999267578125,45.042999267578125,45.042999267578125,45.042999267578125,45.042999267578125,100,0.0,0.0,0.0
2026-08-26 00:00:00-04:00,44.95000076293945,45.040000915527344,44.95000076293945,44.99100112915039,44.99100112915039,1000,0.0,0.0,0.0
2026-08-27 00:00:00-04:00,45.10100173950195,45.10100173950195,45.10100173950195,45.10100173950195,45.10100173950195,100,0.0,0.0,0.0
2026-08-28 00:00:00-04:00,45.11899948120117,45.119998931884766,45.064998626708984,45.064998626708984,45.064998626708984,2400,0.0,0.0,0.0
2026-08-31 00:00:00-04:00,45.025001525878906,45.025001525878906,45.025001525878906,45.025001525878906,45.025001525878906,300,0.0,0.0,0.0
2026-09-01 00:00:00-04:00,44.994998931884766,44.994998931884766,44.994998931884766,44.994998931884766,44.994998931884766,200,0.0,0.0,0.0
2026-09-02 00:00:00-04:00,45.06999969482422,45.09000015258789,45.029998779296875,45.029998779296875,45.029998779296875,300,0.0,0.0,0.0
2026-09-03 00:00:00-04:00,45.16999816894531,45.33000183105469,45.10499954223633,45.33000183105469,45.33000183105469,1200,0.0,0.0,0.0
2026-09-04 00:00:00-04:00,45.29999923706055,45.29999923706055,45.25,45.25,45.25,200,0.0,0.0,0.0
2026-09-08 00:00:00-04:00,45.20000076293945,45.20000076293945,45.20000076293945,45.20000076293945,45.20000076293945,100,0.0,0.0,0.0
2026-09-09 00:00:00-04:00,45.198001861572266,45.198001861572266,45.198001861572266,45.198001861572266,45.198001861572266,100,0.0,0.0,0.0
2026-09-10 00:00:00-04:00,45.15999984741211,45.220001220703125,45.15999984741211,45.15999984741211,45.15999984741211,400,0.0,0.0,0.0
2026-09-11 00:00:00-04:00,45.470001220703125,45.470001220703125,45.391998291015625,45.391998291015625,45.391998291015625,1400,0.0,0.0,0.0
2026-09-14 00:00:00-04:00,45.31999969482422,45.395999908447266,45.31999969482422,45.395999908447266,45.395999908447266,300,0.0,0.0,0.0
2026-09-15 00:00:00-04:00,45.375,45.375,45.375,45.375,45.375,100,0.0,0.0,0.0
2026-09-16 00:00:00-04:00,45.459999084472656,45.4900016784668,45.32899856567383,45.32899856567383,45.32899856567383,2300,0.0,0.0,0.0
2026-09-17 00:00:00-04:00,45.5,45.54999923706055,45.5,45.54999923706055,45.54999923706055,500,0.0,0.0,0.0
2026-09-18 00:00:00-04:00,45.54899978637695,45.560001373291016,45.505001068115234,45.50899887084961,45.50899887084961,5200,0.0,0.0,0.0
2026-09-21 00:00:00-04:00,45.650001525878906,45.75,45.650001525878906,45.69499969482422,45.69499969482422,600,0.0,0.0,0.0
